Data;Cliente;Comentário;Nota;Loja
25/11/2025;Diego;Meu pedido chegou e cobraram um valor diferente do anunciado. Recomendo.;3;Zona Norte
30/10/2025;Gabi;Liguei para a central e o aplicativo é simples e funciona bem. Vale a visita.;4;Zona Sul
28/09/2026;Ana;Meu pedido chegou e a comida chegou fria e faltou um item. Podem melhorar nisso.;2;Aeroporto
29/10/2025;Gabi;Fiz a reserva por telefone e a troca foi feita na hora, sem perguntas. Nota máxima.;1;Aeroporto
22/02/2026;Bruno;Passei na unidade do centro e adorei a novidade do cardápio, volto com certeza. Vale a visita.;2;Zona Sul
04/08/2026;Fábio;Resolvi voltar depois de meses e o gerente me recebeu bem e ouviu minha reclamação. Recomendo.;2;Shopping Leste
10/11/2025;Heitor;Resolvi voltar depois de meses e o aplicativo é simples e funciona bem. Recomendo.;2;Centro
01/06/2026;Irene;Fiz a reserva por telefone e ninguém soube explicar a política de devolução. Podem melhorar nisso.;4;Zona Sul
02/09/2026;Carla;Liguei para a central e a limpeza do ambiente estava impecável. Espero que melhorem.;2;Zona Norte
21/10/2025;Gabi;Passei na unidade do centro e a entrega atrasou três dias e ninguém avisou. Já indiquei para amigos.;2;Shopping Leste
17/05/2026;Heitor;Comprei pelo aplicativo e o sistema estava fora do ar e não puderam finalizar a compra. Podem melhorar nisso.;1;Aeroporto
20/09/2026;Gabi;Comprei pelo aplicativo e a entrega atrasou três dias e ninguém avisou. Já indiquei para amigos.;1;Zona Sul
19/06/2026;Heitor;Fiz a reserva por telefone e a limpeza do ambiente estava impecável. Vale a visita.;3;Zona Sul
14/08/2026;Diego;Precisei de ajuda com a troca e cobraram um valor diferente do anunciado. Já indiquei para amigos.;2;Centro
15/11/2025;Diego;Fui atendido ontem e o gerente me recebeu bem e ouviu minha reclamação. Espero que melhorem.;4;Shopping Leste
05/12/2025;Irene;Estive na loja no sábado e o gerente me recebeu bem e ouviu minha reclamação. Nota máxima.;1;Aeroporto
27/02/2026;Ana;Meu pedido chegou e cobraram um valor diferente do anunciado. Já indiquei para amigos.;2;Shopping Leste
04/05/2026;Fábio;Liguei para a central e o aplicativo é simples e funciona bem. Vale a visita.;4;Zona Norte
02/01/2026;Diego;Meu pedido chegou e a troca foi feita na hora, sem perguntas. Espero que melhorem.;5;Aeroporto
04/01/2026;Heitor;Estive na loja no sábado e cobraram um valor diferente do anunciado. Espero que melhorem.;1;Centro
06/08/2026;Heitor;Fiz a reserva por telefone e a espera passou de quarenta minutos sem nenhum aviso. Podem melhorar nisso.;5;Zona Sul
30/04/2026;Carla;Comprei pelo aplicativo e demoraram para responder minha mensagem no chat. Podem melhorar nisso.;2;Shopping Leste
27/08/2026;Bruno;Fui atendido ontem e o preço está acima do que vi em outros lugares. Espero que melhorem.;5;Zona Norte
03/07/2026;Irene;Fiz a reserva por telefone e adorei a novidade do cardápio, volto com certeza. Fiquei decepcionado.;2;Aeroporto
13/11/2025;Bruno;Comprei pelo aplicativo e resolveram meu problema rápido, sem burocracia. Vale a visita.;2;Aeroporto
25/03/2026;Elisa;Fiz a reserva por telefone e a limpeza do ambiente estava impecável. Já indiquei para amigos.;1;Centro
05/03/2026;Gabi;Resolvi voltar depois de meses e o entregador chegou no horário e foi educado. Nota máxima.;1;Shopping Leste
06/05/2026;Ana;Passei na unidade do centro e o sistema estava fora do ar e não puderam finalizar a compra. Já indiquei para amigos.;5;Zona Sul
19/06/2026;Elisa;Precisei de ajuda com a troca e demoraram para responder minha mensagem no chat. Recomendo.;2;Centro
09/05/2026;Carla;Levei minha família e demoraram para responder minha mensagem no chat. Podem melhorar nisso.;4;Zona Norte
17/09/2026;Carla;Resolvi voltar depois de meses e resolveram meu problema rápido, sem burocracia. Nota máxima.;3;Zona Sul
14/01/2026;Irene;Estive na loja no sábado e a embalagem veio amassada, mas o produto estava intacto. Vale a visita.;3;Centro
23/03/2026;Bruno;Precisei de ajuda com a troca e adorei a novidade do cardápio, volto com certeza. Recomendo.;4;Shopping Leste
01/06/2026;Irene;Passei na unidade do centro e o produto veio com defeito e ninguém quis trocar. Já indiquei para amigos.;4;Aeroporto
09/07/2026;Gabi;Precisei de ajuda com a troca e o entregador chegou no horário e foi educado. Espero que melhorem.;2;Aeroporto
27/01/2026;Fábio;Passei na unidade do centro e o preço está acima do que vi em outros lugares. Espero que melhorem.;1;Shopping Leste
12/12/2025;Irene;Precisei de ajuda com a troca e o produto veio com defeito e ninguém quis trocar. Espero que melhorem.;3;Shopping Leste
31/05/2026;Fábio;Levei minha família e a embalagem veio amassada, mas o produto estava intacto. Recomendo.;5;Aeroporto
06/12/2025;Irene;Meu pedido chegou e o estacionamento é pequeno e difícil de manobrar. Recomendo.;5;Zona Norte
09/04/2026;Heitor;Fui atendido ontem e a fila no caixa estava enorme e só havia um atendente. Podem melhorar nisso.;2;Centro
08/05/2026;Fábio;Estive na loja no sábado e a troca foi feita na hora, sem perguntas. Podem melhorar nisso.;5;Centro
01/06/2026;Ana;Estive na loja no sábado e a variedade de opções é ótima e os preços são justos. Fiquei decepcionado.;4;Zona Norte
11/04/2026;Diego;Fui atendido ontem e o entregador chegou no horário e foi educado. Podem melhorar nisso.;1;Shopping Leste
08/08/2026;Carla;Fiz a reserva por telefone e o preço está acima do que vi em outros lugares. Vale a visita.;4;Shopping Leste
27/08/2026;Gabi;Precisei de ajuda com a troca e adorei a novidade do cardápio, volto com certeza. Nota máxima.;2;Shopping Leste
15/11/2025;Heitor;Liguei para a central e ninguém soube explicar a política de devolução. Vale a visita.;5;Centro
15/05/2026;Heitor;Comprei pelo aplicativo e a espera passou de quarenta minutos sem nenhum aviso. Não volto mais.;2;Aeroporto
15/11/2025;Ana;Resolvi voltar depois de meses e a espera passou de quarenta minutos sem nenhum aviso. Nota máxima.;1;Shopping Leste
01/06/2026;Elisa;Passei na unidade do centro e a loja estava desorganizada e não achei o que procurava. Nota máxima.;5;Centro
01/11/2025;Bruno;Meu pedido chegou e a comida chegou fria e faltou um item. Espero que melhorem.;2;Aeroporto
12/11/2025;Gabi;Levei minha família e ninguém soube explicar a política de devolução. Fiquei decepcionado.;2;Aeroporto
26/02/2026;Gabi;Fiz a reserva por telefone e a embalagem veio amassada, mas o produto estava intacto. Já indiquei para amigos.;3;Shopping Leste
21/12/2025;Carla;Levei minha família e o preço está acima do que vi em outros lugares. Já indiquei para amigos.;2;Centro
30/03/2026;Gabi;Comprei pelo aplicativo e a atendente foi grosseira quando pedi uma segunda via. Vale a visita.;3;Aeroporto
02/07/2026;Fábio;Fui atendido ontem e o site travou na hora de pagar e perdi a promoção. Podem melhorar nisso.;1;Zona Sul
14/03/2026;Irene;Resolvi voltar depois de meses e o produto veio com defeito e ninguém quis trocar. Não volto mais.;4;Shopping Leste
08/03/2026;Heitor;Liguei para a central e o sistema estava fora do ar e não puderam finalizar a compra. Nota máxima.;4;Zona Sul
02/05/2026;Heitor;Fui atendido ontem e o ambiente estava barulhento e desconfortável. Fiquei decepcionado.;5;Zona Sul
18/05/2026;Heitor;Passei na unidade do centro e o produto veio com defeito e ninguém quis trocar. Nota máxima.;3;Aeroporto
14/04/2026;Fábio;Resolvi voltar depois de meses e a entrega atrasou três dias e ninguém avisou. Não volto mais.;2;Shopping Leste
30/06/2026;Gabi;Fui atendido ontem e o produto veio com defeito e ninguém quis trocar. Recomendo.;2;Aeroporto
20/07/2026;Gabi;Estive na loja no sábado e o produto veio com defeito e ninguém quis trocar. Não volto mais.;3;Zona Norte
26/07/2026;Carla;Resolvi voltar depois de meses e o sistema estava fora do ar e não puderam finalizar a compra. Fiquei decepcionado.;4;Centro
16/05/2026;Carla;Fiz a reserva por telefone e o preço está acima do que vi em outros lugares. Fiquei decepcionado.;5;Zona Norte
19/02/2026;Diego;Passei na unidade do centro e a atendente foi grosseira quando pedi uma segunda via. Fiquei decepcionado.;2;Aeroporto
28/09/2026;Carla;Levei minha família e o ambiente estava barulhento e desconfortável. Nota máxima.;2;Aeroporto
29/12/2025;Elisa;Comprei pelo aplicativo e o site travou na hora de pagar e perdi a promoção. Já indiquei para amigos.;2;Zona Norte
15/10/2025;Diego;Liguei para a central e a fila no caixa estava enorme e só havia um atendente. Podem melhorar nisso.;4;Aeroporto
05/01/2026;Fábio;Comprei pelo aplicativo e o gerente me recebeu bem e ouviu minha reclamação. Recomendo.;1;Zona Sul
12/08/2026;Diego;Resolvi voltar depois de meses e o sistema estava fora do ar e não puderam finalizar a compra. Fiquei decepcionado.;2;Zona Sul
09/10/2025;Elisa;Precisei de ajuda com a troca e adorei a novidade do cardápio, volto com certeza. Recomendo.;1;Zona Sul
04/06/2026;Gabi;Estive na loja no sábado e o atendimento foi excelente, equipe muito atenciosa. Vale a visita.;5;Shopping Leste
21/07/2026;Fábio;Levei minha família e o produto veio com defeito e ninguém quis trocar. Já indiquei para amigos.;4;Centro
30/07/2026;Fábio;Estive na loja no sábado e o aplicativo é simples e funciona bem. Podem melhorar nisso.;3;Shopping Leste
23/07/2026;Ana;Fiz a reserva por telefone e a fila no caixa estava enorme e só havia um atendente. Fiquei decepcionado.;2;Zona Norte
22/01/2026;Gabi;Fiz a reserva por telefone e o atendimento foi excelente, equipe muito atenciosa. Podem melhorar nisso.;1;Zona Norte
21/11/2025;Gabi;Passei na unidade do centro e a espera passou de quarenta minutos sem nenhum aviso. Já indiquei para amigos.;4;Shopping Leste
10/09/2026;Diego;Fiz a reserva por telefone e a entrega atrasou três dias e ninguém avisou. Não volto mais.;3;Zona Sul
26/01/2026;Elisa;Passei na unidade do centro e a comida chegou fria e faltou um item. Recomendo.;3;Zona Sul
03/12/2025;Ana;Comprei pelo aplicativo e a troca foi feita na hora, sem perguntas. Espero que melhorem.;2;Zona Sul
22/06/2026;Gabi;Resolvi voltar depois de meses e o site travou na hora de pagar e perdi a promoção. Vale a visita.;1;Aeroporto
03/12/2025;Bruno;Fiz a reserva por telefone e resolveram meu problema rápido, sem burocracia. Já indiquei para amigos.;1;Aeroporto
20/06/2026;Bruno;Precisei de ajuda com a troca e demoraram para responder minha mensagem no chat. Já indiquei para amigos.;4;Centro
10/03/2026;Fábio;Fui atendido ontem e a limpeza do ambiente estava impecável. Vale a visita.;1;Aeroporto
16/05/2026;Elisa;Comprei pelo aplicativo e a variedade de opções é ótima e os preços são justos. Espero que melhorem.;3;Centro
25/12/2025;Gabi;Estive na loja no sábado e a fila no caixa estava enorme e só havia um atendente. Já indiquei para amigos.;3;Centro
07/07/2026;Diego;Fiz a reserva por telefone e o gerente me recebeu bem e ouviu minha reclamação. Não volto mais.;3;Zona Sul
27/08/2026;Carla;Fui atendido ontem e o preço está acima do que vi em outros lugares. Já indiquei para amigos.;2;Aeroporto
20/04/2026;Heitor;Meu pedido chegou e a variedade de opções é ótima e os preços são justos. Não volto mais.;4;Centro
20/04/2026;Elisa;Passei na unidade do centro e o estacionamento é pequeno e difícil de manobrar. Recomendo.;3;Zona Sul
31/01/2026;Carla;Fiz a reserva por telefone e demoraram para responder minha mensagem no chat. Vale a visita.;5;Zona Norte
12/06/2026;Ana;Estive na loja no sábado e o aplicativo é simples e funciona bem. Nota máxima.;5;Zona Norte
08/12/2025;Bruno;Precisei de ajuda com a troca e a entrega atrasou três dias e ninguém avisou. Não volto mais.;3;Zona Norte
24/12/2025;Heitor;Estive na loja no sábado e o produto veio com defeito e ninguém quis trocar. Não volto mais.;5;Shopping Leste
12/10/2025;Heitor;Passei na unidade do centro e demoraram para responder minha mensagem no chat. Vale a visita.;1;Centro
22/12/2025;Elisa;Meu pedido chegou e resolveram meu problema rápido, sem burocracia. Fiquei decepcionado.;1;Zona Norte
06/02/2026;Gabi;Precisei de ajuda com a troca e o atendimento foi excelente, equipe muito atenciosa. Podem melhorar nisso.;2;Shopping Leste
20/04/2026;Diego;Levei minha família e o entregador chegou no horário e foi educado. Não volto mais.;3;Aeroporto
21/02/2026;Elisa;Liguei para a central e a comida chegou fria e faltou um item. Espero que melhorem.;2;Shopping Leste
04/06/2026;Irene;Passei na unidade do centro e o entregador chegou no horário e foi educado. Fiquei decepcionado.;2;Zona Sul
